Title;Price;Image
In Her Wake;Â£12.84;https://books.toscrape.com/../media/cache/5d/72/5d72709c6a7a9584a4d1cf07648bfce1.jpg
How Music Works;Â£37.32;https://books.toscrape.com/../media/cache/5c/c8/5cc8e107246cb478960d4f0aba1e1c8e.jpg
Foolproof Preserving: A Guide to Small Batch Jams, Jellies, Pickles, Condiments, and More: A Foolproof Guide to Making Small Batch Jams, Jellies, Pickles, Condiments, and More;Â£30.52;https://books.toscrape.com/../media/cache/9f/59/9f59f01fa916a7bb8f0b28a4012179a4.jpg
Chase Me (Paris Nights #2);Â£25.27;https://books.toscrape.com/../media/cache/9c/2e/9c2e0eb8866b8e3f3b768994fd3d1c1a.jpg
Black Dust;Â£34.53;https://books.toscrape.com/../media/cache/44/cc/44ccc99c8f82c33d4f9d2afa4ef25787.jpg
Birdsong: A Story in Pictures;Â£54.64;https://books.toscrape.com/../media/cache/af/6e/af6e796160fe63e0cf19d44395c7ddf2.jpg
America's Cradle of Quarterbacks: Western Pennsylvania's Football Factory from Johnny Unitas to Joe Montana;Â£22.50;https://books.toscrape.com/../media/cache/ef/0b/ef0bed08de4e083dba5e20fdb98d9c36.jpg
Aladdin and His Wonderful Lamp;Â£53.13;https://books.toscrape.com/../media/cache/d6/da/d6da0371958068bbaf39ea9c174275cd.jpg
Worlds Elsewhere: Journeys Around Shakespeareâs Globe;Â£40.30;https://books.toscrape.com/../media/cache/2e/98/2e98c332bf8563b584784971541c4445.jpg
Wall and Piece;Â£44.18;https://books.toscrape.com/../media/cache/a5/41/a5416b9646aaa7287baa287ec2590270.jpg
The Four Agreements: A Practical Guide to Personal Freedom;Â£17.66;https://books.toscrape.com/../media/cache/0f/7e/0f7ee69495c0df1d35723f012624a9f8.jpg
The Five Love Languages: How to Express Heartfelt Commitment to Your Mate;Â£31.05;https://books.toscrape.com/../media/cache/38/c5/38c56fba316c07305643a8065269594e.jpg
The Elephant Tree;Â£23.82;https://books.toscrape.com/../media/cache/5d/7e/5d7ecde8e81513eba8a64c9fe000744b.jpg
The Bear and the Piano;Â£36.89;https://books.toscrape.com/../media/cache/cf/bb/cfbb5e62715c6d888fd07794c9bab5d6.jpg
Sophie's World;Â£15.94;https://books.toscrape.com/../media/cache/65/71/6571919836ec51ed54f0050c31d8a0cd.jpg
Penny Maybe;Â£33.29;https://books.toscrape.com/../media/cache/12/53/1253c21c5ef3c6d075c5fa3f5fecee6a.jpg
Maude (1883-1993):She Grew Up with the country;Â£18.02;https://books.toscrape.com/../media/cache/f5/88/f5889d038f5d8e949b494d147c2dcf54.jpg
In a Dark, Dark Wood;Â£19.63;https://books.toscrape.com/../media/cache/23/85/238570a1c284e730dbc737a7e631ae2b.jpg
Behind Closed Doors;Â£52.22;https://books.toscrape.com/../media/cache/e1/5c/e15c289ba58cea38519e1281e859f0c1.jpg
You can't bury them all: Poems;Â£33.63;https://books.toscrape.com/../media/cache/e9/20/e9203b733126c4a0832a1c7885dc27cf.jpg
